<?xml version="1.0" encoding="utf-8"?>
<resources>
<string name="str2d21">WhatsApp Messenger</string>
<string name="attach_audio">@string/exo_track_selection_title_audio</string>
<string name="calls">Calls</string>
<string name="statuses">Status</string>
<string name="edit">Edit</string>
<string name="more">More</string>
<string name="search">Search</string>
<string name="send">Send</string>
<string name="toast_tone">Ringtone</string>
<string name="title_gradient_picker">Gradient Picker</string>
<string name="orientation">Orientation</string>
<string name="color_swatch_description">Color %1$d</string>
<string name="color_swatch_description_selected">Color %1$d selected</string>
<string name="color_picker_default_title">Select a Color</string>
<string name="title_spesific">Specific</string>
<string name="title_pref_home">@string/yoHomeUIStyle</string>
<string name="me">Nusantara Project</string>
<string name="pref_primary_color">Primary Color</string>
<string name="title_pref_theme">Application Theme</string>
<string name="pref_accent_color">Accent Color</string>
<string name="split_video">Split Video</string>
<string name="camera">Camera</string>
<string name="add">Add</string>
<string name="pref_navigationpadding">Home Navigation Bar Padding</string>
<string name="sum_nav_padding">"Don't disable if have navigation bar"</string>
<string name="wallpaperview">Wallpaper Doodle View</string>
<string name="wallpaperview_sum">Enable to make transparent conversation view</string>
<string name="pref_home_swipe">Left - Right Scrollable</string>
<string name="split_hint">Enter Duration to Split the selected into Parts</string>
<string name="pref_quick_bg">Quick Contact Background</string>
<string name="pref_quick_textcolor">Quick Contact Text Color</string>
<string name="pref_delta_toast">Toaster</string>
<string name="title_chats">Chats</string>
<string name="title_pref_transformer">ViewPager Transformer Animation</string>
<string name="AboSaleh_Media">Setting Media</string>
<string name="Abo_Saleh_Not">Notifications</string>
<string name="Abo_Saleh_Effect">Message management</string>
<string name="Abo_Saleh_Backup">Backup and restore</string>
<string name="encrypt_msg">Encrypt Message (Long click send button)</string>
<string name="decrypt_msg">Send decrypt info</string>
<string name="dismiss_check">Always show</string>
<string name="title_input_number">Number</string>
<string name="number">628xxxxx</string>
<string name="hint_quick_replies">Create keyboard shortcuts for frequently sent messages. To use in chat, type / and select the shortcut from the list.</string>
<string name="send_caller_message">Send a rejection message</string>
<string name="value">Value</string>
<string name="bottom_right">Bottom Right</string>
<string name="top_left">Top Left</string>
<string name="bottom_left">Bottom Left</string>
<string name="top_right">Top Right</string>
<string name="custom">Custom</string>
<string name="pref_home_fastscroll">Fast Scroll</string>
<string name="forward_receiver">Contact Receiver</string>
<string name="forward_receiver_sum">Auto forward message to</string>
<string name="dialog_forward">Auto Forward</string>
<string name="title_message_input">Input Message</string>
<string name="bulk_broadcast_title">Bulk Sender</string>
<string name="title_send">Send</string>
<string name="incomming_message">Sender</string>
<string name="pref_floating_chat">Floating Entry Button</string>
<string name="title_passkey">Pass Key</string>
<string name="title_decrypted">Decrypted</string>
<string name="header_height">Cover Height</string>
<string name="quicklabel">Input Label</string>
<string name="quickvalue">Input Value</string>
<string name="cat_menu">Menu</string>
<string name="pref_custom_icons">Custom Icons</string>
<string name="sum_custom_icon">Replace icons with your own in DELTA/WhatsApp/.icons/ (Enable show hiden file on your file manager)</string>
<string name="broadcastlist">Broadcast lists</string>
<string name="quick_message">Quick Message</string>
<string name="pref_tab_divider">Tab Divider</string>
<string name="drawer_bg">Drawer Background</string>
<string name="drawer_text">Drawer Label</string>
<string name="pref_quick_dialog">Quick Reply Dialog</string>
<string name="pref_setting_card">Preferences Background</string>
<string name="pref_setting_category">Category Background</string>
<string name="list_animations">List Animation</string>
<string name="title_custom_chat_language">Custom Chat Language</string>
<string name="title_custom_entry_language">Custom Entry Language</string>
<string name="media">Media Mod</string>
<string name="my_status">My status updates</string>
<string name="community">Community</string>
<string name="archived_chats">Archived chats</string>
<string name="account">Account</string>
<string name="create">Create</string>
<string name="info">Info</string>
<string name="remove">Clear Accounts</string>
<string name="starred">Starred messages</string>
<string name="status_privacy">Status privacy</string>
<string name="upgrade_message">@string/yo_FoundUp</string>
<string name="upgrade_question">@string/yo_CUpdates</string>
<string name="info_decrypt">Message Encrypted, to read this message use DELTA WhatsApp or DELTA Decryptor application http://www.mediafire.com/folder/8kt08z134598x/DECRYPTOR</string>
<string name="fab_view">FAB View</string>
<string name="title_ig_view">Instagram View</string>
<string name="gradient_bubble">Gradient Bubble</string>
<string name="incoming_gradient_color">Incoming Gradient Color</string>
<string name="outgoing_gradient_color">Outgoing Gradient Color</string>
<string name="incoming_bubble_corner">Incoming Corner Radius</string>
<string name="outgoing_bubble_corner">Outgoing Corner Radius</string>
<string name="gradient_bubble_border">Gradient Border Size</string>
<string name="title_call_forward">Sending Incoming Call to %s</string>
<string name="drawer_menu">Drawer Menu</string>
<string name="encrypt_msg_title">Encrypt Message</string>
<string name="second">%s Second</string>
<string name="add_favorites">Favorites Contact</string>
<string name="animations">Animations</string>
<string name="calls_grid">Calls Grid</string>
<string name="calls_grid_span">Calls Grid Span</string>
<string name="carousel_3d">3D View</string>
<string name="carousel_alpha">Alpha View</string>
<string name="carousel_flat">Flat View</string>
<string name="carousel_infinite">Infinite View</string>
<string name="carousel_view">Carousel View</string>
<string name="cat_pinned">Pinned</string>
<string name="chat_preview">Customize Chat UI</string>
<string name="chats_grid">Chats Grid</string>
<string name="chats_grid_span">Chats Grid Span</string>
<string name="delta_appname">DELTA YOWA v5.3.0</string>
<string name="delta_blur">Blur Radius</string>
<string name="delta_settings">DELTA Settings</string>
<string name="dialog_title">Attention!</string>
<string name="drawer_blur">Blurry Drawer</string>
<string name="drawer_icon">Icon Color</string>
<string name="drawer_label">Label Color</string>
<string name="drawer_mini">Mini Drawer</string>
<string name="drawer_slc">Selector Color</string>
<string name="drawer_srd">Selector Radius</string>
<string name="experimental">Experimental</string>
<string name="files_access_manager">File Access Manager</string>
<string name="have_account">Whether you need another account for work, we got you.</string>
<string name="header_style">Header Style</string>
<string name="indicator_selected">Selected Indicator Color</string>
<string name="ios_dialog_message">Apply recommended settings including color, bubble style and more</string>
<string name="ios_dialog_title">Recommendation settings</string>
<string name="last_update">Latest Version is %s</string>
<string name="new_update">New Update Found!</string>
<string name="pager_animated">Slide Animation</string>
<string name="pref_edited_view">Show Edited Chat</string>
<string name="profile_view">Profile View</string>
<string name="profile_view_rd">Profile View Rounded</string>
<string name="qr_label">label...</string>
<string name="qr_value">quick replies value...</string>
<string name="sCall">Call</string>
<string name="sDelete">Delete</string>
<string name="sMessage">Message</string>
<string name="sVCall">Video Call</string>
<string name="save_favorite">Save Favorite Contacts</string>
<string name="search_el">Search Elevation</string>
<string name="search_rd">Search Rounded</string>
<string name="setting_animations">Settings and Animations</string>
<string name="side_bar_position">SideBar Position</string>
<string name="side_bar_style">SideBar Style</string>
<string name="status_grid_span">Statuses Grid Span</string>
<string name="statuses_grid">Statuses Grid</string>
<string name="sum_alpha">Set the alpha for each item depends on the position in the layout manager</string>
<string name="sum_chat_preview">Actionbar, entry style and more</string>
<string name="sum_clear_account">Clear all account in (/Accounts). This action not affected the opened account. The size of Accounts folder is %s</string>
<string name="sum_flat">Make the flat layout in the layout manager of the reyclerview</string>
<string name="sum_infinite">Create the loop of the given view means there is no start or end, but provided position in the interface will be correct.</string>
<string name="sum_save_favorite">Save all to favorite contact, you will show favorite contact in drawer menu</string>
<string name="sum_subtitle">Have a nice day</string>
<string name="sum_threed">Make the view tilt according to their position, middle position does not tilt.</string>
<string name="title_bold_style">Bold Text Style</string>
<string name="type_message">Type your message</string>
<string name="switch_menu_pos">Switch Menu Position</string>
<string name="dialog_chooser">Dialog Chooser</string>
<string name="callprivacy">Calls Privacy</string>
<string name="send_voice_note">Voice Note</string>
<string name="archivedchats">Archived chats</string>
<string name="linkeddevices">Linked devices</string>
<string name="newbroadcast">New broadcast</string>
<string name="newcall">New call</string>
<string name="newchat">New chat</string>
<string name="newgroup">New group</string>
<string name="newstatus">New text status</string>
<string name="starredmessages">Starred messages</string>
<string name="audio_limit">Disable Audio Limit</string>
<string name="betalabs">BETALABS</string>
<string name="cat_misc">@string/fcm_fallback_notification_channel_label</string>
<string name="check_home_notif">Config Unread Notification</string>
<string name="clear_call">Clear call log</string>
<string name="collapse">Collapse</string>
<string name="confirm">Confirm</string>
<string name="cover_height">Cover Height</string>
<string name="crash">Crash Report</string>
<string name="delta_aw_save">Save</string>
<string name="delta_background_color">Background Color</string>
<string name="delta_badge_bg">Badge Color</string>
<string name="delta_badge_counter">Badge Counter</string>
<string name="delta_border_color">Border</string>
<string name="delta_border_size">Border Size</string>
<string name="delta_card_color">Card Background</string>
<string name="delta_contact_online">Online Indicator</string>
<string name="delta_customize_home_ui">Customize Home UI</string>
<string name="delta_customize_home_ui_sum">Header, Tabs, and More</string>
<string name="delta_customize_ui">Customize UI</string>
<string name="delta_dotsize">Dot Size</string>
<string name="delta_fab">Floating Action Button</string>
<string name="delta_fab_menu_rd">FAB Menu Rounded</string>
<string name="delta_fab_rd">FAB Rounded</string>
<string name="delta_header_ui_sum">Header UI Customize</string>
<string name="delta_home_notif">Unread Notification</string>
<string name="delta_icons_color">Icons / Text Color</string>
<string name="delta_position">Position</string>
<string name="delta_rounded">Rounded</string>
<string name="delta_status_ui_sum">Stories and status row</string>
<string name="delta_stories">Stories</string>
<string name="delta_title_color">Header Content Color</string>
<string name="doc_limit">Disable Document Limit</string>
<string name="donate_saweria">Saweria</string>
<string name="expand">Expand</string>
<string name="filters">Filters</string>
<string name="groups">Groups</string>
<string name="indicator_elevation">Indicator Elevation Shadow</string>
<string name="indicator_height">Indicator Height</string>
<string name="indicator_mg_btm">Indicator Bottom Margin</string>
<string name="indicator_mg_top">Indicator Top Margin</string>
<string name="indicator_rd_left_bottom">Indicator Rounded Left Bottom</string>
<string name="indicator_rd_left_top">Indicator Rounded Left Top</string>
<string name="indicator_rd_right_bottom">Indicator Rounded Right Bottom</string>
<string name="indicator_rd_right_top">Indicator Rounded Right Top</string>
<string name="indicator_width">Indicator Width</string>
<string name="key_squircle_bg">Shape Background</string>
<string name="main">Main</string>
<string name="message_delete">Are you sure you want to delete?</string>
<string name="no_account">You do not have any account available, please add account first.</string>
<string name="open_chat">Open in chat</string>
<string name="options">Options</string>
<string name="password">Password</string>
<string name="phone_number">Phone number</string>
<string name="photosize">Contact Photo Size</string>
<string name="pref_cover_animation">KenburnsView Animation</string>
<string name="pref_custom_toast">Custom Toast</string>
<string name="pref_darken_statusbar">Darken Status Bar</string>
<string name="pref_force_translucent">Transparent Status Bar</string>
<string name="pref_force_translucent_sum">Force statusbar to transparent</string>
<string name="pref_home_cover">Cover</string>
<string name="pref_home_cover_select">Select Cover Image</string>
<string name="pref_reaction_menu">Reaction Menu View</string>
<string name="pref_selected_color">Selection Color</string>
<string name="pref_setting_category_text">Category Text Color</string>
<string name="pref_settings_icon_bg">Icons Background</string>
<string name="pref_settings_icon_round">Background Rounded</string>
<string name="pref_toast_online">Online Toast</string>
<string name="pref_toast_profile">Profile Toast</string>
<string name="pref_toast_status">Status Toast</string>
<string name="pref_toast_typing">Typing Toast</string>
<string name="prefs_elevation">Elevation</string>
<string name="prefs_fab_extended">Extended FAB</string>
<string name="prefs_rounded">Rounded</string>
<string name="privacy">Privacy</string>
<string name="quick_reply">Quick Replies</string>
<string name="saved_message">Saved Messages</string>
<string name="search_cl">Search Background Color</string>
<string name="settings">Settings</string>
<string name="squircle">Squircle</string>
<string name="sum_audio_limit">Allows you to send up to 100 audios at once</string>
<string name="sum_bubble">Bubble configurations</string>
<string name="sum_con_actionbar">ActionBar configurations</string>
<string name="sum_con_more">More configurations</string>
<string name="sum_doc_limit">Allows you to send up to 100 documents at once</string>
<string name="sum_entry">Entry configurations</string>
<string name="sum_highres">Allows uploading images up to 5k resolution</string>
<string name="sum_img_limit">Allows you to upload up to 100 images at once</string>
<string name="sum_media_size">Increases the size of audio, video and image uploads</string>
<string name="sum_pic">Picture configurations</string>
<string name="sum_yo_fab_ui">YoWa floating action button settings</string>
<string name="sum_yo_header_ui">YoWa header settings</string>
<string name="systembar">System Bar</string>
<string name="tab_bg_rounded">Tab Rounded Background</string>
<string name="title_dtt_option">Double Tap Action</string>
<string name="title_highres">Improve Resolution</string>
<string name="title_img_limit">Disable Image Limit</string>
<string name="title_media_size">Media Size</string>
<string name="title_stt_option">Single Tap Action</string>
<string name="toast_tone_sum">Ringtone to play</string>
<string name="typing">@string/str075b</string>
<string name="windows_bg">Window Background Color</string>
<string name="yowa">YoWa</string>
<string name="yowa_pname">Package com.whatsapp</string>
<string name="yowa_version">Based on WhatsApp V9.93</string>
<string name="drawer_style">Drawer Style</string>
<string name="rcUp">UPDATE</string>
<string name="rcUpdate">Telegram | Oficial</string>
<string name="del_histo">Delete history call</string>
<string name="rcDev">DEVELOPER</string>
<string name="rcDon">YouTube Oficial</string>
<string name="rcOther">Other Settings</string>
<string name="rcPref">Plus Settings</string>
<string name="rcSticker">Sticker Manager</string>
<string name="rcSupp">WhatsApp Plus VCTM (YesiiMods)</string>
<string name="rcTheme">Themes</string>
<string name="rc_enable_popup">Enable PopupMenu</string>
<string name="ms_new_bot">Hide shortcuts button in conversations</string>
<string name="abu_saleh_go_to_settings">Go to settings</string>
<string name="abu_saleh_batery_res_msg">It is important to set WhatsApp to Unrestricted in battery optimization for notifications without delay.</string>
<string name="abu_saleh_batery_res_title">Disable battery optimization</string>
</resources>
